"contrast","estimate","SE","df","t.ratio","p.value","d"
"city_NE_vs_MW_W",-1.025,0.182793494245451,312,-5.60742057167341,4.52532791653585e-08,-1.0858723244636
"noncity_NE_vs_MW_W",0.700000000000007,0.182793494245451,312,3.82945795138674,0.000155230098374147,0.741571343536121
"interaction_NE_vs_MW_W",-1.72500000000001,0.258509038675485,312,-6.67288079688951,1.14466022154529e-10,-1.82744366799972
