"sized_f","regions_f","emmean","SE","df","lower.CL","upper.CL"
"Non-City","Midwest",5.77499999999999,0.149250263067242,312,5.48133570515468,6.0686642948453
"City","Midwest",6.4,0.149250263067242,312,6.10633570515469,6.6936642948453
"Non-City","Northeast",6.7,0.149250263067242,312,6.40633570515469,6.99366429484531
"City","Northeast",5.17499999999999,0.149250263067242,312,4.88133570515468,5.4686642948453
"Non-City","South",5.67499999999999,0.149250263067242,312,5.38133570515468,5.9686642948453
"City","South",5.74999999999999,0.149250263067242,312,5.45633570515468,6.0436642948453
"Non-City","West",6.22499999999999,0.149250263067242,312,5.93133570515468,6.5186642948453
"City","West",6,0.149250263067242,312,5.70633570515469,6.2936642948453
