"regions_f","emmean","SE","df","lower.CL","upper.CL"
"Midwest",6.08749999999999,0.105535873108723,312,5.87984798572251,6.29515201427748
"Northeast",5.93749999999999,0.105535873108723,312,5.72984798572251,6.14515201427748
"South",5.71249999999999,0.105535873108723,312,5.50484798572251,5.92015201427748
"West",6.11249999999999,0.105535873108723,312,5.90484798572251,6.32015201427748
