"regions_f","Non-City","City","Row_Mean"
"Midwest",5.77499999999999,6.4,6.08749999999999
"Northeast",6.7,5.17499999999999,5.93749999999999
"South",5.67499999999999,5.74999999999999,5.71249999999999
"West",6.22499999999999,6,6.11249999999999
"Column Mean",6.09374999999999,5.83124999999999,5.9625
