"contrast","estimate","SE","df","t.ratio","p.value"
"Midwest - Northeast",0.149999999999998,0.149250263067242,312,1.0050233541794,0.746590079882764
"Midwest - South",0.374999999999998,0.149250263067242,312,2.51255838544853,0.0599212412838801
"Midwest - West",-0.0250000000000026,0.149250263067242,312,-0.167503892363254,0.998325775479915
"Northeast - South",0.225000000000001,0.149250263067242,312,1.50753503126913,0.434179777391251
"Northeast - West",-0.175,0.149250263067242,312,-1.17252724654265,0.644654611447901
"South - West",-0.400000000000001,0.149250263067242,312,-2.68006227781178,0.0386122088559332
