"contrast","regions_f","estimate","SE","df","t.ratio","p.value","d"
"(Non-City) - City","Midwest",-0.625000000000007,0.211071746217446,312,-2.96107845412968,0.0033008567480732,-0.662117271014395
"(Non-City) - City","Northeast",1.52500000000001,0.211071746217447,312,7.22503142807634,3.86653929078628e-12,1.61556614127511
"(Non-City) - City","South",-0.0749999999999986,0.211071746217446,312,-0.355329414495551,0.722582917833559,-0.0794540725217251
"(Non-City) - City","West",0.224999999999997,0.211071746217446,312,1.06598824348666,0.287253157968012,0.238362217565176
