"letters","emmean","SE","df","lower.CL","upper.CL"
"L4",19.5,0.654653670707977,7,17.9519900538497,21.0480099461503
"L5",16.875,0.66648062880434,7,15.2990237419124,18.4509762580875
"L8",12.375,0.822398495690675,7,10.4303365726164,14.3196634273836
"L9",11,0.866025403784438,7,8.95217532771588,13.0478246722841
