"contrast","estimate","SE","df","t.ratio","p.value"
"c(-2.5, -1.5, 1.5, 2.5)",-28,1.2392393980641,7,-22.594504374006,8.42078049351115e-08
