"letters","letters_num","mean_solved","lower","upper"
"L4",4,19.5,18.6866807205924,20.3133192794076
"L5",5,16.875,16.363043831929,17.386956168071
"L8",8,12.375,11.8017077766116,12.9482922233884
"L9",9,11,10.3204459667245,11.6795540332755
