"regions_f","Non-City","City"
"Midwest",5.77499999999999,6.4
"Northeast",6.7,5.17499999999999
"South",5.67499999999999,5.74999999999999
"West",6.22499999999999,6
